model,accuracy,precision_macro,recall_macro,f1_macro,test_loss
CNN 1D,0.39166666666666666,0.4207386313698606,0.39166666666666666,0.3254994594377621,1.6444483995437622
