model,accuracy,precision_macro,recall_macro,f1_macro
Logistic Regression,0.8902777777777777,0.8921884449394112,0.8902777777777778,0.8903688592331475
Decision Tree,0.7611111111111111,0.7691006052842463,0.7611111111111111,0.757079235139205
Gaussian Naive Bayes,0.7458333333333333,0.7860427020576563,0.7458333333333332,0.7353417925420658
